comment_id,post_id,timestamp,date,category,issue,opinion,group,num_reactions,reactions_like,reactions_love,reactions_haha,reactions_wow,reactions_sad,reactions_angry,link,text,comment_summary,post_text,post_summary
4595075977305002,4595053730640560,2026-07-28T09:14:14+00:00,2026-07-28,Environmental,Construction Noise,Construction noise source identification,Mossley GB,1,1,0,0,0,0,0,https://www.facebook.com/groups/118723864940258/posts/4595053730640560?comment_id=4595075977305002,Think its works being done on Egmont street its really loud here,Identifies construction work on Egmont Street as the source of the loud noise reported in the original post. Expresses annoyance at the noise level from the ongoing works.,"I may sound very stupid here, but what is that sound like a loud trumpet that we can hear over Mossley this morning. It sounds like we are in the middle of a Jurassic Park movie set 🤣","Residents are expressing concern and annoyance regarding a loud, unusual noise in Mossley, which has been identified as construction activity and linked to wider frustrations over local urban development."
4595076757304924,4595053730640560,2026-07-28T09:15:15+00:00,2026-07-28,Environmental,Construction Noise,Sleep disruption from construction,Mossley GB,3,1,0,0,0,0,0,https://www.facebook.com/groups/118723864940258/posts/4595053730640560?comment_id=4595076757304924,I know it’s getting on my nerves I’m just by the canal and every time I need to sleep in the sound is there. It’s the builders building the new apartments next to the park (cranes) the same builders that built the apartment I’m in over the canal.,"Expresses frustration with persistent construction noise from builders erecting new apartments by the canal and park, which disrupts sleep. Implies criticism of the same construction company that built the commenter's own apartment complex, suggesting dissatisfaction with ongoing development in the area.","I may sound very stupid here, but what is that sound like a loud trumpet that we can hear over Mossley this morning. It sounds like we are in the middle of a Jurassic Park movie set 🤣","Residents are expressing concern and annoyance regarding a loud, unusual noise in Mossley, which has been identified as construction activity and linked to wider frustrations over local urban development."
4595081720637761,4595053730640560,2026-07-28T09:21:48+00:00,2026-07-28,Environmental,Construction Noise,Relief at shared noise experience,Mossley GB,1,1,0,0,0,0,0,https://www.facebook.com/groups/118723864940258/posts/4595053730640560?comment_id=4595081720637761,We can hear it now near Mossley motors,Confirms that the loud noise mentioned in the post is currently audible in the Mossley Motors area. Provides a specific location update to corroborate the original poster's observation of the unusual sound.,"I may sound very stupid here, but what is that sound like a loud trumpet that we can hear over Mossley this morning. It sounds like we are in the middle of a Jurassic Park movie set 🤣","Residents are expressing concern and annoyance regarding a loud, unusual noise in Mossley, which has been identified as construction activity and linked to wider frustrations over local urban development."
4595085933970673,4595053730640560,2026-07-28T09:26:52+00:00,2026-07-28,Environmental,Construction Noise,,Mossley GB,0,0,0,0,0,0,0,https://www.facebook.com/groups/118723864940258/posts/4595053730640560?comment_id=4595085933970673,My son came down and said it's the 7 trumpets and we are doomed 🤣. It's annoying and quite frankly it's weirding me out. I feel like I'm in a horror film 🤦🏻‍♀️🤣.,"Shares that her son jokingly attributed the mysterious loud noise to biblical apocalyptic events (the seven trumpets), expressing that the ongoing noise is genuinely annoying and unsettling, making her feel as though she is experiencing a horror film scenario.","I may sound very stupid here, but what is that sound like a loud trumpet that we can hear over Mossley this morning. It sounds like we are in the middle of a Jurassic Park movie set 🤣","Residents are expressing concern and annoyance regarding a loud, unusual noise in Mossley, which has been identified as construction activity and linked to wider frustrations over local urban development."
4595086593970607,4595053730640560,2026-07-28T09:27:38+00:00,2026-07-28,Environmental,Construction Noise,Humorous dismissal of noise complaints,Mossley GB,5,0,0,5,0,0,0,https://www.facebook.com/groups/118723864940258/posts/4595053730640560?comment_id=4595086593970607,Someones had a few too many beans 😅,"Makes a lighthearted joke suggesting the original poster has consumed excessive alcohol, implying their description of the noise as resembling a Jurassic Park trumpet sound is exaggerated or fanciful. Uses humor and an emoji to gently mock the post rather than engage seriously with the noise complaint.","I may sound very stupid here, but what is that sound like a loud trumpet that we can hear over Mossley this morning. It sounds like we are in the middle of a Jurassic Park movie set 🤣","Residents are expressing concern and annoyance regarding a loud, unusual noise in Mossley, which has been identified as construction activity and linked to wider frustrations over local urban development."
4595134467299153,4595053730640560,2026-07-28T10:22:16+00:00,2026-07-28,Environmental,Construction Noise,Relief at shared noise experience,Mossley GB,0,0,0,0,0,0,0,https://www.facebook.com/groups/118723864940258/posts/4595053730640560?comment_id=4595134467299153,Glad you can hear it thought I was going crackers hearing things 🤣🤣,"Expresses relief that others are also hearing the loud noise, indicating the commenter was concerned they might be experiencing auditory hallucinations. Uses humor to convey reassurance that the sound is real and shared by the community.","I may sound very stupid here, but what is that sound like a loud trumpet that we can hear over Mossley this morning. It sounds like we are in the middle of a Jurassic Park movie set 🤣","Residents are expressing concern and annoyance regarding a loud, unusual noise in Mossley, which has been identified as construction activity and linked to wider frustrations over local urban development."
4595148230631110,4595053730640560,2026-07-28T10:36:44+00:00,2026-07-28,Environmental,Construction Noise,Development destroying town character,Mossley GB,7,7,0,0,0,0,0,https://www.facebook.com/groups/118723864940258/posts/4595053730640560?comment_id=4595148230631110,Need to stop building we're letting a beautiful town become a concrete jungle,"Criticizes ongoing construction and development in Mossley, arguing that building projects are destroying the town's character and transforming it into an unattractive urban sprawl. Implies that development should be halted to preserve the town's aesthetic and quality of life.","I may sound very stupid here, but what is that sound like a loud trumpet that we can hear over Mossley this morning. It sounds like we are in the middle of a Jurassic Park movie set 🤣","Residents are expressing concern and annoyance regarding a loud, unusual noise in Mossley, which has been identified as construction activity and linked to wider frustrations over local urban development."
4595148860631047,4595053730640560,2026-07-28T10:37:31+00:00,2026-07-28,Environmental,Construction Noise,Humorous dismissal of noise complaints,Mossley GB,1,1,0,0,0,0,0,https://www.facebook.com/groups/118723864940258/posts/4595053730640560?comment_id=4595148860631047,Fanfare for the Common man,"References Aaron Copland's famous orchestral composition, likely using it as a cultural or ironic reference to the loud noise being discussed. The comment's intent is unclear—it could be sarcastically elevating the construction sound to the status of a celebrated classical work, or simply making a tangential cultural allusion.","I may sound very stupid here, but what is that sound like a loud trumpet that we can hear over Mossley this morning. It sounds like we are in the middle of a Jurassic Park movie set 🤣","Residents are expressing concern and annoyance regarding a loud, unusual noise in Mossley, which has been identified as construction activity and linked to wider frustrations over local urban development."
4595301970615736,4595053730640560,2026-07-28T13:06:49+00:00,2026-07-28,Environmental,Construction Noise,Political blame for development decisions,Mossley GB,2,2,0,0,0,0,0,https://www.facebook.com/groups/118723864940258/posts/4595053730640560?comment_id=4595301970615736,Labour dont care about the green areas just £££££,"Criticizes the Labour party for prioritizing financial gain over environmental protection, implying that local green spaces are being sacrificed for profit. Suggests that Labour's development decisions in the area are motivated by money rather than community welfare or conservation.","I may sound very stupid here, but what is that sound like a loud trumpet that we can hear over Mossley this morning. It sounds like we are in the middle of a Jurassic Park movie set 🤣","Residents are expressing concern and annoyance regarding a loud, unusual noise in Mossley, which has been identified as construction activity and linked to wider frustrations over local urban development."
4601031313376135,4595053730640560,2026-08-01T22:31:14+00:00,2026-08-01,Environmental,Construction Noise,Seeking confirmation of recurring noise,Mossley GB,0,0,0,0,0,0,0,https://www.facebook.com/groups/118723864940258/posts/4595053730640560?comment_id=4601031313376135,Did anyone hear last week like a mosk over a tanoed,"Asks whether others heard a similar loud noise over Mossley the previous week, described with unclear terminology ('mosk over a tanoed'). Likely seeking confirmation of the same phenomenon discussed in the post, though the specific description is difficult to parse.","I may sound very stupid here, but what is that sound like a loud trumpet that we can hear over Mossley this morning. It sounds like we are in the middle of a Jurassic Park movie set 🤣","Residents are expressing concern and annoyance regarding a loud, unusual noise in Mossley, which has been identified as construction activity and linked to wider frustrations over local urban development."
4604476063031660,4602849119861021,2026-08-04T14:28:06+00:00,2026-08-04,Environmental,Protected Species Sightings,Red list species confirmation,Mossley GB,2,1,0,0,1,0,0,https://www.facebook.com/groups/118723864940258/posts/4602849119861021?comment_id=4604476063031660,These ate on the red list,"Affirms that lapwings are on the red list, supporting the conservation concern highlighted in the post. The comment appears to reinforce awareness of the species' endangered status.",Lapwings on Hey Farm #mossleywildlife #ProtectOurWildlife #lapwing,The sighting of lapwings in Mossley highlights the local presence of a bird species currently on the conservation red list.
2229478894260705,2229437644264830,2026-08-05T19:13:41+00:00,2026-08-05,Environmental,Fire Incidents,Seeking fire duration and location confirmation,Bloxwich Community Group,0,0,0,0,0,0,0,https://www.facebook.com/groups/846204072588201/posts/2229437644264830?comment_id=2229478894260705,Is this one that's been burning since this morning? Smelt fire almost all day in Bloxwich,"Questions whether the reported fire is the same one that has been burning since morning, noting that they detected smoke throughout the day in the Bloxwich area. Seeks confirmation of the fire's duration and location.",Fire towards Walsall Fire towards Walsall,Local residents and commuters are reporting significant travel disruption and safety concerns caused by a persistent large-scale fire near the M6 and M5 motorway link in the Walsall area.
2229513194257275,2229437644264830,2026-08-05T20:04:57+00:00,2026-08-05,Environmental,Fire Incidents,Reporting traffic disruption from fire smoke,Bloxwich Community Group,1,1,0,0,0,0,0,https://www.facebook.com/groups/846204072588201/posts/2229437644264830?comment_id=2229513194257275,I was going from Walsall back to Stourbridge earlier on the Motorway. This was all over the M6 - M5 link! Hard to drive through and northbound traffic was at a standstill.,"Reports firsthand experience of severe traffic disruption on the M6-M5 motorway link caused by the fire, noting that smoke made driving difficult and northbound traffic was completely halted.",Fire towards Walsall Fire towards Walsall,Local residents and commuters are reporting significant travel disruption and safety concerns caused by a persistent large-scale fire near the M6 and M5 motorway link in the Walsall area.
2229546350920626,2229437644264830,2026-08-05T21:02:16+00:00,2026-08-05,Environmental,Fire Incidents,Expressing concern for resident safety,Bloxwich Community Group,0,0,0,0,0,0,0,https://www.facebook.com/groups/846204072588201/posts/2229437644264830?comment_id=2229546350920626,Yes. This area by Bescot was on fire. I drove past it on M6. I hope everyone is ok. It was just by the houses 😢,"Confirms witnessing the fire near Bescot while driving on the M6, noting it was located close to residential houses. Expresses concern for the safety and wellbeing of residents affected by the incident.",Fire towards Walsall Fire towards Walsall,Local residents and commuters are reporting significant travel disruption and safety concerns caused by a persistent large-scale fire near the M6 and M5 motorway link in the Walsall area.
2229546470920614,2229437644264830,2026-08-05T21:02:27+00:00,2026-08-05,Environmental,Fire Incidents,,Bloxwich Community Group,0,0,0,0,0,0,0,https://www.facebook.com/groups/846204072588201/posts/2229437644264830?comment_id=2229546470920614,,,Fire towards Walsall Fire towards Walsall,Local residents and commuters are reporting significant travel disruption and safety concerns caused by a persistent large-scale fire near the M6 and M5 motorway link in the Walsall area.
3437434576426508,3437087833127849,2026-08-07T05:28:51+00:00,2026-08-07,Environmental,Wildlife Conflicts,Foxes are recurring local problem,Bloxwich Chit Chat,2,1,0,0,1,0,0,https://www.facebook.com/groups/2369573043212672/posts/3437087833127849?comment_id=3437434576426508,Fox and cat always fighting by us,"Reports that foxes and cats frequently fight in the commenter's vicinity, suggesting this may be a recurring local issue. Implies the disturbance described in the post could be explained by wildlife conflict rather than a domestic incident.","Might be barking up the wrong tree here but sounded like a dog and cat fight approx 21:45 and then def a lad crying “ i don’t want her to die “ “ what can we do , i don’t want her to die “ as clear as anything ! Hamilton street!",Local residents are debating whether a distressing late-night disturbance on Hamilton Street involved a violent encounter between domestic pets or the ongoing nuisance of urban foxes.
3437469483089684,3437087833127849,2026-08-07T06:19:26+00:00,2026-08-07,Environmental,Wildlife Conflicts,Feeding foxes causes behavioral problems,Bloxwich Chit Chat,2,2,0,0,0,0,0,https://www.facebook.com/groups/2369573043212672/posts/3437087833127849?comment_id=3437469483089684,Bloody nuisances. The fox's are . Loads round by us. Get no sleep most nights has my dog can hear them. But people keep feeding them and they have became quite tamed to humans.,"Expresses frustration with foxes as a local nuisance causing sleep disruption due to their vocalizations affecting pets, and blames residents who feed foxes for habituating them to human presence. Implies that human feeding behavior is exacerbating the problem by making foxes less fearful of people.","Might be barking up the wrong tree here but sounded like a dog and cat fight approx 21:45 and then def a lad crying “ i don’t want her to die “ “ what can we do , i don’t want her to die “ as clear as anything ! Hamilton street!",Local residents are debating whether a distressing late-night disturbance on Hamilton Street involved a violent encounter between domestic pets or the ongoing nuisance of urban foxes.
3437486176421348,3437087833127849,2026-08-07T06:44:01+00:00,2026-08-07,Environmental,Wildlife Conflicts,Foxes are recurring local problem,Bloxwich Chit Chat,1,1,0,0,0,0,0,https://www.facebook.com/groups/2369573043212672/posts/3437087833127849?comment_id=3437486176421348,Foxes,"Suggests that foxes, rather than a domestic pet fight, were responsible for the disturbance reported on Hamilton Street. Implies this is a known local problem with urban foxes causing similar incidents.","Might be barking up the wrong tree here but sounded like a dog and cat fight approx 21:45 and then def a lad crying “ i don’t want her to die “ “ what can we do , i don’t want her to die “ as clear as anything ! Hamilton street!",Local residents are debating whether a distressing late-night disturbance on Hamilton Street involved a violent encounter between domestic pets or the ongoing nuisance of urban foxes.
3437521539751145,3437087833127849,2026-08-07T07:32:55+00:00,2026-08-07,Environmental,Wildlife Conflicts,Wild animals should find own food,Bloxwich Chit Chat,6,6,0,0,0,0,0,https://www.facebook.com/groups/2369573043212672/posts/3437087833127849?comment_id=3437521539751145,People shouldn't feed the foxes and other wild animals. I realise that it's done with the best and the kindest intentions but the clue is in wild. They find their own food by nature. They will not starve.,"Criticizes the practice of feeding wild animals, including foxes, arguing that despite good intentions, it is inappropriate because these animals are naturally self-sufficient and will find their own food without human intervention. Implies that feeding wild animals may be contributing to the fox problem being discussed in the thread.","Might be barking up the wrong tree here but sounded like a dog and cat fight approx 21:45 and then def a lad crying “ i don’t want her to die “ “ what can we do , i don’t want her to die “ as clear as anything ! Hamilton street!",Local residents are debating whether a distressing late-night disturbance on Hamilton Street involved a violent encounter between domestic pets or the ongoing nuisance of urban foxes.
3437529293083703,3437087833127849,2026-08-07T07:44:05+00:00,2026-08-07,Environmental,Wildlife Conflicts,Feeding foxes causes behavioral problems,Bloxwich Chit Chat,4,4,0,0,0,0,0,https://www.facebook.com/groups/2369573043212672/posts/3437087833127849?comment_id=3437529293083703,We have the foxs every night even during the day ...they don't stop scratching so full of fleas and worms they crap on the grass ...they fight for the scraps some idiots throw them ....my little dog barks and growls then the neighbours moan ....they are not pets you do not need to feed them ...leave them to do what they should do...find their own food...,"Criticizes people for feeding urban foxes, arguing they are not pets and should find their own food rather than scavenge from human waste. Expresses frustration with the resulting problems: foxes infested with parasites, aggressive behavior, property damage, and disturbances to domestic pets and neighbors.","Might be barking up the wrong tree here but sounded like a dog and cat fight approx 21:45 and then def a lad crying “ i don’t want her to die “ “ what can we do , i don’t want her to die “ as clear as anything ! Hamilton street!",Local residents are debating whether a distressing late-night disturbance on Hamilton Street involved a violent encounter between domestic pets or the ongoing nuisance of urban foxes.
3437554516414514,3437087833127849,2026-08-07T08:18:04+00:00,2026-08-07,Environmental,Wildlife Conflicts,,Bloxwich Chit Chat,0,0,0,0,0,0,0,https://www.facebook.com/groups/2369573043212672/posts/3437087833127849?comment_id=3437554516414514,DOG not FOX,"Corrects the original poster's identification of the animal involved in the disturbance, asserting that the sound was from a dog rather than a fox. This is a direct factual disagreement about what animal was responsible for the late-night incident on Hamilton Street.","Might be barking up the wrong tree here but sounded like a dog and cat fight approx 21:45 and then def a lad crying “ i don’t want her to die “ “ what can we do , i don’t want her to die “ as clear as anything ! Hamilton street!",Local residents are debating whether a distressing late-night disturbance on Hamilton Street involved a violent encounter between domestic pets or the ongoing nuisance of urban foxes.
3437561373080495,3437087833127849,2026-08-07T08:28:11+00:00,2026-08-07,Environmental,Wildlife Conflicts,Foxes are recurring local problem,Bloxwich Chit Chat,1,1,0,0,0,0,0,https://www.facebook.com/groups/2369573043212672/posts/3437087833127849?comment_id=3437561373080495,Defo fox and cat it’s horrible but normal,"Identifies the disturbance as a fox and cat encounter rather than a dog fight, characterizing such incidents as disturbing but a normal occurrence in the area. Implicitly suggests the original poster may be overreacting to a typical urban wildlife event.","Might be barking up the wrong tree here but sounded like a dog and cat fight approx 21:45 and then def a lad crying “ i don’t want her to die “ “ what can we do , i don’t want her to die “ as clear as anything ! Hamilton street!",Local residents are debating whether a distressing late-night disturbance on Hamilton Street involved a violent encounter between domestic pets or the ongoing nuisance of urban foxes.
3437563163080316,3437087833127849,2026-08-07T08:30:44+00:00,2026-08-07,Environmental,Wildlife Conflicts,,Bloxwich Chit Chat,8,5,0,0,0,2,1,https://www.facebook.com/groups/2369573043212672/posts/3437087833127849?comment_id=3437563163080316,"Years ago when I lived in Thames rd, some lads set their dog on our cat, who had been sleeping on our front door mat. It was awful. They keep their dogs for baiting which still goes on unfortunately. I do hope that this isn't the case and some poor child hasn't had to witness it 💔","Shares a personal experience of dogs being set on a cat in the area and suggests dog baiting may still occur locally, expressing concern that the incident described might involve animal cruelty and distress to a child witness.","Might be barking up the wrong tree here but sounded like a dog and cat fight approx 21:45 and then def a lad crying “ i don’t want her to die “ “ what can we do , i don’t want her to die “ as clear as anything ! Hamilton street!",Local residents are debating whether a distressing late-night disturbance on Hamilton Street involved a violent encounter between domestic pets or the ongoing nuisance of urban foxes.
3437570063079626,3437087833127849,2026-08-07T08:39:14+00:00,2026-08-07,Environmental,Wildlife Conflicts,Foxes have territorial rights here,Bloxwich Chit Chat,15,15,0,0,0,0,0,https://www.facebook.com/groups/2369573043212672/posts/3437087833127849?comment_id=3437570063079626,What you are all forgetting is we are taking all the fox's land they were here first and yes I feed them occasionally.,"Argues that foxes have a prior claim to the land and should not be blamed for incidents in the area, while disclosing that the commenter personally feeds foxes. Implies that residents complaining about foxes are overlooking the animals' rightful presence in the neighborhood.","Might be barking up the wrong tree here but sounded like a dog and cat fight approx 21:45 and then def a lad crying “ i don’t want her to die “ “ what can we do , i don’t want her to die “ as clear as anything ! Hamilton street!",Local residents are debating whether a distressing late-night disturbance on Hamilton Street involved a violent encounter between domestic pets or the ongoing nuisance of urban foxes.
3437587209744578,3437087833127849,2026-08-07T09:03:16+00:00,2026-08-07,Environmental,Wildlife Conflicts,Pets can defend against foxes,Bloxwich Chit Chat,1,1,0,0,0,0,0,https://www.facebook.com/groups/2369573043212672/posts/3437087833127849?comment_id=3437587209744578,"Our cat chases the visiting fox away, foxie has learnt that our cat has very sharp claws","Shares a personal anecdote about their cat successfully deterring a visiting fox through aggressive defense, implying that foxes can be managed by domestic pets rather than posing an inevitable threat. Suggests this as a counterpoint to concerns about dangerous wildlife encounters in the neighborhood.","Might be barking up the wrong tree here but sounded like a dog and cat fight approx 21:45 and then def a lad crying “ i don’t want her to die “ “ what can we do , i don’t want her to die “ as clear as anything ! Hamilton street!",Local residents are debating whether a distressing late-night disturbance on Hamilton Street involved a violent encounter between domestic pets or the ongoing nuisance of urban foxes.
3437985116371454,3437744243062208,2026-08-07T16:56:41+00:00,2026-08-07,Environmental,Litter Accumulation,Litter embedded in natural features,Bloxwich Chit Chat,0,0,0,0,0,0,0,https://www.facebook.com/groups/2369573043212672/posts/3437744243062208?comment_id=3437985116371454,We need litter pickers over Odell playing Fields there's so much rubbish embedded in the trees 😕,"Expresses concern about litter accumulation at Odell playing fields, specifically noting that rubbish is embedded in trees. Calls for local authorities or volunteers to deploy litter pickers to address this environmental problem.",Bloxwich High Street👍,Local residents are highlighting the need for litter clearance at Odell playing fields to address the accumulation of rubbish in the natural environment.
3438537849649514,3437087833127849,2026-08-08T06:41:20+00:00,2026-08-08,Environmental,Wildlife Conflicts,Foxes threaten small pets,Bloxwich Chit Chat,0,0,0,0,0,0,0,https://www.facebook.com/groups/2369573043212672/posts/3437087833127849?comment_id=3438537849649514,Where lived before two foxes 🦊 where waiting for my tiny dog to go outside,"Shares a personal anecdote about foxes posing a threat to small pets in their previous neighborhood, implying that foxes rather than domestic animals may have been responsible for the disturbance described in the post. Suggests urban foxes are a local hazard that residents with small dogs should be cautious about.","Might be barking up the wrong tree here but sounded like a dog and cat fight approx 21:45 and then def a lad crying “ i don’t want her to die “ “ what can we do , i don’t want her to die “ as clear as anything ! Hamilton street!",Local residents are debating whether a distressing late-night disturbance on Hamilton Street involved a violent encounter between domestic pets or the ongoing nuisance of urban foxes.
2281692425916038,2281677292584218,2026-08-08T11:51:33+00:00,2026-08-08,Environmental,Climate Emergency Declaration,Political pressure influencing climate advocates,Walsall Public Group,3,3,0,0,0,0,0,https://www.facebook.com/groups/1619774512107836/posts/2281677292584218?comment_id=2281692425916038,"Look at Councillor Tabbi Wilberforce Awotwe, he is a professor at King's College London. He spent his lifes work supporting climate change ect.. but now he believes it doesn't exist? What is Elaine doing to these people?","Questions whether Councillor Tabbi Wilberforce Awotwe, a King's College London professor with a lifetime of climate change advocacy, has reversed his position on climate change, and implies that someone named Elaine is responsible for influencing this apparent change. The comment suggests political pressure or manipulation is causing previously committed climate advocates to abandon their positions.",I am shocked and horrified by Reforms decision to remove the councils climate emergency declaration. We are seeing the effects of climate change right in our backyard with Barr Beacon burning only last weekend! We need net zero policies to protect future generations so they don’t suffer from more extreme droughts like the one we are experiencing right now! This also proves that Reform UK are only interested in helping the oil companies that profit from higher prices put on working people!,"The debate centres on the contentious decision to revoke a local climate emergency declaration, highlighting a divide between those viewing it as a dangerous denial of environmental crises and those defending it as a pragmatic prioritisation of public finances during a cost-of-living crisis."
2281779992573948,2281677292584218,2026-08-08T13:51:37+00:00,2026-08-08,Environmental,Climate Emergency Declaration,Alternative causes for environmental incidents,Walsall Public Group,0,0,0,0,0,0,0,https://www.facebook.com/groups/1619774512107836/posts/2281677292584218?comment_id=2281779992573948,It’s not climate change it’s the little c#nts running around playing with matches thinking it’s cleaver to put lives in danger!,"Attributes the Barr Beacon fire to arson by young people rather than climate change, criticizing them for recklessly endangering lives. Implicitly disputes the original post's climate change narrative by redirecting blame to human negligence.",I am shocked and horrified by Reforms decision to remove the councils climate emergency declaration. We are seeing the effects of climate change right in our backyard with Barr Beacon burning only last weekend! We need net zero policies to protect future generations so they don’t suffer from more extreme droughts like the one we are experiencing right now! This also proves that Reform UK are only interested in helping the oil companies that profit from higher prices put on working people!,"The debate centres on the contentious decision to revoke a local climate emergency declaration, highlighting a divide between those viewing it as a dangerous denial of environmental crises and those defending it as a pragmatic prioritisation of public finances during a cost-of-living crisis."
2281798572572090,2281677292584218,2026-08-08T14:12:56+00:00,2026-08-08,Environmental,Climate Emergency Declaration,Climate change denial or skepticism,Walsall Public Group,4,2,0,2,0,0,0,https://www.facebook.com/groups/1619774512107836/posts/2281677292584218?comment_id=2281798572572090,"No we're not!! Look at the weather in 1994, no different. Wake up","Disputes the claim that climate change is occurring or worsening by asserting that weather conditions in 1994 were identical to today, implying the post author is mistaken or being dishonest about environmental crisis. Calls for the post author to recognize this alleged fact.",I am shocked and horrified by Reforms decision to remove the councils climate emergency declaration. We are seeing the effects of climate change right in our backyard with Barr Beacon burning only last weekend! We need net zero policies to protect future generations so they don’t suffer from more extreme droughts like the one we are experiencing right now! This also proves that Reform UK are only interested in helping the oil companies that profit from higher prices put on working people!,"The debate centres on the contentious decision to revoke a local climate emergency declaration, highlighting a divide between those viewing it as a dangerous denial of environmental crises and those defending it as a pragmatic prioritisation of public finances during a cost-of-living crisis."
2281812202570727,2281677292584218,2026-08-08T14:30:16+00:00,2026-08-08,Environmental,Climate Emergency Declaration,Fiscal pragmatism over climate action,Walsall Public Group,1,0,0,1,0,0,0,https://www.facebook.com/groups/1619774512107836/posts/2281677292584218?comment_id=2281812202570727,"As a non Reform member I agree with their decision. They haven't abandoned environmental concerns, however in times of tight budgets and cost of living crises it is not sensible to have to allocate monies for extreme and often non-beneficial policies. Every penny of expenditure should be analysed for maximum benefit, and environmental effects should be part of that consideration. As it always should have been.","Defends Reform's decision to remove the climate emergency declaration as a pragmatic budgeting choice during a cost-of-living crisis, arguing that all public spending—including environmental policies—should be rigorously evaluated for maximum benefit rather than pursued as ideological commitments. Implies that the original declaration may have included ineffective or extreme policies that don't justify their expense.",I am shocked and horrified by Reforms decision to remove the councils climate emergency declaration. We are seeing the effects of climate change right in our backyard with Barr Beacon burning only last weekend! We need net zero policies to protect future generations so they don’t suffer from more extreme droughts like the one we are experiencing right now! This also proves that Reform UK are only interested in helping the oil companies that profit from higher prices put on working people!,"The debate centres on the contentious decision to revoke a local climate emergency declaration, highlighting a divide between those viewing it as a dangerous denial of environmental crises and those defending it as a pragmatic prioritisation of public finances during a cost-of-living crisis."
2281853019233312,2281677292584218,2026-08-08T15:26:56+00:00,2026-08-08,Environmental,Climate Emergency Declaration,Strong support for climate declarations,Walsall Public Group,3,3,0,0,0,0,0,https://www.facebook.com/groups/1619774512107836/posts/2281677292584218?comment_id=2281853019233312,I couldnt agree more,Expresses strong agreement with the post's criticism of Reform UK's decision to remove the climate emergency declaration. Implicitly endorses the original poster's stance that this decision is misguided and harmful to environmental protection.,I am shocked and horrified by Reforms decision to remove the councils climate emergency declaration. We are seeing the effects of climate change right in our backyard with Barr Beacon burning only last weekend! We need net zero policies to protect future generations so they don’t suffer from more extreme droughts like the one we are experiencing right now! This also proves that Reform UK are only interested in helping the oil companies that profit from higher prices put on working people!,"The debate centres on the contentious decision to revoke a local climate emergency declaration, highlighting a divide between those viewing it as a dangerous denial of environmental crises and those defending it as a pragmatic prioritisation of public finances during a cost-of-living crisis."
2281863449232269,2281677292584218,2026-08-08T15:36:38+00:00,2026-08-08,Environmental,Climate Emergency Declaration,Questioning symbolic policy effectiveness,Walsall Public Group,0,0,0,0,0,0,0,https://www.facebook.com/groups/1619774512107836/posts/2281677292584218?comment_id=2281863449232269,Perhaps you could explain exactly what difference it makes by removing the declaration.,"Questions the practical impact of removing a climate emergency declaration, implicitly challenging the original poster's assertion that the declaration itself is necessary for climate action. The comment suggests skepticism about whether a symbolic declaration meaningfully affects environmental policy outcomes.",I am shocked and horrified by Reforms decision to remove the councils climate emergency declaration. We are seeing the effects of climate change right in our backyard with Barr Beacon burning only last weekend! We need net zero policies to protect future generations so they don’t suffer from more extreme droughts like the one we are experiencing right now! This also proves that Reform UK are only interested in helping the oil companies that profit from higher prices put on working people!,"The debate centres on the contentious decision to revoke a local climate emergency declaration, highlighting a divide between those viewing it as a dangerous denial of environmental crises and those defending it as a pragmatic prioritisation of public finances during a cost-of-living crisis."
2281871525898128,2281677292584218,2026-08-08T15:48:05+00:00,2026-08-08,Environmental,Climate Emergency Declaration,Dismissing normal weather as evidence,Walsall Public Group,0,0,0,0,0,0,0,https://www.facebook.com/groups/1619774512107836/posts/2281677292584218?comment_id=2281871525898128,It's Summer hot and dry.,"States that it is currently summer, hot, and dry weather. This appears to be either a sarcastic dismissal of the climate emergency concerns raised in the post, or an unclear attempt to provide evidence supporting the post's claims about extreme weather conditions.",I am shocked and horrified by Reforms decision to remove the councils climate emergency declaration. We are seeing the effects of climate change right in our backyard with Barr Beacon burning only last weekend! We need net zero policies to protect future generations so they don’t suffer from more extreme droughts like the one we are experiencing right now! This also proves that Reform UK are only interested in helping the oil companies that profit from higher prices put on working people!,"The debate centres on the contentious decision to revoke a local climate emergency declaration, highlighting a divide between those viewing it as a dangerous denial of environmental crises and those defending it as a pragmatic prioritisation of public finances during a cost-of-living crisis."
2281874349231179,2281677292584218,2026-08-08T15:52:14+00:00,2026-08-08,Environmental,Climate Emergency Declaration,Strong support for climate declarations,Walsall Public Group,0,0,0,0,0,0,0,https://www.facebook.com/groups/1619774512107836/posts/2281677292584218?comment_id=2281874349231179,💯 agree,Expresses strong agreement with the post's criticism of Reform UK's decision to remove the climate emergency declaration. Implicitly endorses the original poster's stance that climate action and net zero policies are necessary priorities.,I am shocked and horrified by Reforms decision to remove the councils climate emergency declaration. We are seeing the effects of climate change right in our backyard with Barr Beacon burning only last weekend! We need net zero policies to protect future generations so they don’t suffer from more extreme droughts like the one we are experiencing right now! This also proves that Reform UK are only interested in helping the oil companies that profit from higher prices put on working people!,"The debate centres on the contentious decision to revoke a local climate emergency declaration, highlighting a divide between those viewing it as a dangerous denial of environmental crises and those defending it as a pragmatic prioritisation of public finances during a cost-of-living crisis."
3439318569571442,3437087833127849,2026-08-09T00:21:27+00:00,2026-08-09,Environmental,Wildlife Conflicts,Authorities should be contacted,Bloxwich Chit Chat,0,0,0,0,0,0,0,https://www.facebook.com/groups/2369573043212672/posts/3437087833127849?comment_id=3439318569571442,Did you call 101?,Questions whether the original poster reported the incident to the police non-emergency line (101). Implies that contacting authorities would be an appropriate response to the distressing sounds described.,"Might be barking up the wrong tree here but sounded like a dog and cat fight approx 21:45 and then def a lad crying “ i don’t want her to die “ “ what can we do , i don’t want her to die “ as clear as anything ! Hamilton street!",Local residents are debating whether a distressing late-night disturbance on Hamilton Street involved a violent encounter between domestic pets or the ongoing nuisance of urban foxes.
2282362205849060,2281677292584218,2026-08-09T06:05:09+00:00,2026-08-09,Environmental,Climate Emergency Declaration,Criticizing climate science rejection,Walsall Public Group,2,2,0,0,0,0,0,https://www.facebook.com/groups/1619774512107836/posts/2281677292584218?comment_id=2282362205849060,It seems these Reform councillors and supporters take absolutely no notice of the scientists who have been studying our changing planet for years. They think they know better. Of course they do! It's an absolute joke.,Criticizes Reform councillors and supporters for dismissing scientific consensus on climate change and acting as though they possess superior knowledge. Expresses frustration at what the commenter views as willful ignorance of established climate science.,I am shocked and horrified by Reforms decision to remove the councils climate emergency declaration. We are seeing the effects of climate change right in our backyard with Barr Beacon burning only last weekend! We need net zero policies to protect future generations so they don’t suffer from more extreme droughts like the one we are experiencing right now! This also proves that Reform UK are only interested in helping the oil companies that profit from higher prices put on working people!,"The debate centres on the contentious decision to revoke a local climate emergency declaration, highlighting a divide between those viewing it as a dangerous denial of environmental crises and those defending it as a pragmatic prioritisation of public finances during a cost-of-living crisis."
2232705010604760,2232703520604909,2026-08-09T09:36:45+00:00,2026-08-09,Environmental,Barking Dogs,Expressing frustration with noise disruption,Bloxwich Community Group,0,0,0,0,0,0,0,https://www.facebook.com/groups/846204072588201/posts/2232703520604909?comment_id=2232705010604760,I've got a dog that barks all night long wakes my granddaughter up not sure who's it is its so annoying,"Reports experiencing the same problem of a dog barking throughout the night, which is disturbing their granddaughter's sleep. Expresses frustration with the noise nuisance and shares the original poster's concern about locating the dog's owner.","I don't want to be that person but I live on the Lower Farm Estate and somewhere in the distance there had been a dog that's been barking insessantly for days from first thing in the morning. I can tell it's not that close to me so I can't locate it, but does anyone know who's dog it is and is it ok? It's hot out there and I don't like the thought of anyone animals being outside all day in this heat whether or not it chooses to!","Residents are debating the cause and impact of persistent dog barking on the estate, balancing welfare concerns regarding the heat against frustration over noise nuisance and inconsiderate ownership."
2232705740604687,2232703520604909,2026-08-09T09:37:51+00:00,2026-08-09,Environmental,Barking Dogs,Seeking to locate barking dog source,Bloxwich Community Group,0,0,0,0,0,0,0,https://www.facebook.com/groups/846204072588201/posts/2232703520604909?comment_id=2232705740604687,Is it near Thomas and smith house,"Questions whether the barking dog is located near Thomas and Smith House, seeking to narrow down the source of the noise mentioned in the post.","I don't want to be that person but I live on the Lower Farm Estate and somewhere in the distance there had been a dog that's been barking insessantly for days from first thing in the morning. I can tell it's not that close to me so I can't locate it, but does anyone know who's dog it is and is it ok? It's hot out there and I don't like the thought of anyone animals being outside all day in this heat whether or not it chooses to!","Residents are debating the cause and impact of persistent dog barking on the estate, balancing welfare concerns regarding the heat against frustration over noise nuisance and inconsiderate ownership."
2232711980604063,2232703520604909,2026-08-09T09:47:09+00:00,2026-08-09,Environmental,Barking Dogs,Threatening formal complaints to authorities,Bloxwich Community Group,1,1,0,0,0,0,0,https://www.facebook.com/groups/846204072588201/posts/2232703520604909?comment_id=2232711980604063,"There's a bloody yappy thing in either Ryle St, Pine St, Field Road or Bentons Crescent, yesterday it was yapping constantly right up until it went dark, then a big dog would start. Bloody inconsiderate owners, probably locking it in the garden because its a nuisance. If I find out who's it is I'll be on to the council","Criticizes dog owners in the area for inconsiderate behavior, locating a persistently barking small dog in one of four streets and suggesting it is being confined to a garden as a nuisance. Threatens to report the owner to the council if identified, prioritizing noise complaints over the animal welfare concerns raised in the original post.","I don't want to be that person but I live on the Lower Farm Estate and somewhere in the distance there had been a dog that's been barking insessantly for days from first thing in the morning. I can tell it's not that close to me so I can't locate it, but does anyone know who's dog it is and is it ok? It's hot out there and I don't like the thought of anyone animals being outside all day in this heat whether or not it chooses to!","Residents are debating the cause and impact of persistent dog barking on the estate, balancing welfare concerns regarding the heat against frustration over noise nuisance and inconsiderate ownership."
2232722370603024,2232703520604909,2026-08-09T10:03:28+00:00,2026-08-09,Environmental,Barking Dogs,Reporting similar barking problems elsewhere,Bloxwich Community Group,0,0,0,0,0,0,0,https://www.facebook.com/groups/846204072588201/posts/2232703520604909?comment_id=2232722370603024,There’s dogs barking around Stanley street between Hamilton Street and Victoria Avenue it drives you soft,"Reports experiencing a similar dog barking problem on Stanley Street between Hamilton Street and Victoria Avenue. Expresses frustration with the noise nuisance using colloquial language ('drives you soft'), implying the barking is maddening and unbearable.","I don't want to be that person but I live on the Lower Farm Estate and somewhere in the distance there had been a dog that's been barking insessantly for days from first thing in the morning. I can tell it's not that close to me so I can't locate it, but does anyone know who's dog it is and is it ok? It's hot out there and I don't like the thought of anyone animals being outside all day in this heat whether or not it chooses to!","Residents are debating the cause and impact of persistent dog barking on the estate, balancing welfare concerns regarding the heat against frustration over noise nuisance and inconsiderate ownership."
2232737910601470,2232703520604909,2026-08-09T10:28:18+00:00,2026-08-09,Environmental,Barking Dogs,Reporting similar barking problems elsewhere,Bloxwich Community Group,0,0,0,0,0,0,0,https://www.facebook.com/groups/846204072588201/posts/2232703520604909?comment_id=2232737910601470,"There's a few by me that bark constantly. Mostly this little yappy one, I'm not far from the school","Reports experiencing similar issues with multiple barking dogs in their vicinity, particularly a small dog that barks frequently, and notes their location near the school. Implicitly validates the original poster's concern about persistent dog noise being a neighborhood problem.","I don't want to be that person but I live on the Lower Farm Estate and somewhere in the distance there had been a dog that's been barking insessantly for days from first thing in the morning. I can tell it's not that close to me so I can't locate it, but does anyone know who's dog it is and is it ok? It's hot out there and I don't like the thought of anyone animals being outside all day in this heat whether or not it chooses to!","Residents are debating the cause and impact of persistent dog barking on the estate, balancing welfare concerns regarding the heat against frustration over noise nuisance and inconsiderate ownership."
2232798313928763,2232703520604909,2026-08-09T11:58:16+00:00,2026-08-09,Environmental,Barking Dogs,Distinguishing normal vs excessive barking,Bloxwich Community Group,0,0,0,0,0,0,0,https://www.facebook.com/groups/846204072588201/posts/2232703520604909?comment_id=2232798313928763,"Don't get me wrong, my dog barks at things and it annoying but he gets over it pretty quickly. These dogs (a yappy one and a deeper bark) were constant yesterday, I couldn't even have my nanna nap because of them 😂 For now it's quiet thankfully.","Acknowledges that while their own dog barks occasionally, the persistent barking from multiple dogs on the estate yesterday was significantly more disruptive and prevented them from resting. Expresses relief that the noise has temporarily ceased.","I don't want to be that person but I live on the Lower Farm Estate and somewhere in the distance there had been a dog that's been barking insessantly for days from first thing in the morning. I can tell it's not that close to me so I can't locate it, but does anyone know who's dog it is and is it ok? It's hot out there and I don't like the thought of anyone animals being outside all day in this heat whether or not it chooses to!","Residents are debating the cause and impact of persistent dog barking on the estate, balancing welfare concerns regarding the heat against frustration over noise nuisance and inconsiderate ownership."
3440132332823399,3437087833127849,2026-08-09T18:35:05+00:00,2026-08-09,Environmental,Wildlife Conflicts,Focus on child's distress not animals,Bloxwich Chit Chat,0,0,0,0,0,0,0,https://www.facebook.com/groups/2369573043212672/posts/3437087833127849?comment_id=3440132332823399,Is everyone forgetting the lad crying that was mentioned?,Questions whether other commenters are overlooking the significant detail about a boy crying mentioned in the original post. Implies this distressing element should be the focus of attention rather than debating whether the sounds came from animals or foxes.,"Might be barking up the wrong tree here but sounded like a dog and cat fight approx 21:45 and then def a lad crying “ i don’t want her to die “ “ what can we do , i don’t want her to die “ as clear as anything ! Hamilton street!",Local residents are debating whether a distressing late-night disturbance on Hamilton Street involved a violent encounter between domestic pets or the ongoing nuisance of urban foxes.
2233815197160408,2232703520604909,2026-08-10T15:39:54+00:00,2026-08-10,Environmental,Barking Dogs,Defending against overreaction to barking,Bloxwich Community Group,1,1,0,0,0,0,0,https://www.facebook.com/groups/846204072588201/posts/2232703520604909?comment_id=2233815197160408,"Jeez, this post started off as some1 concerned about a dog and turned into a lynch mob. Has any1 thought that maybe the owners are not walking their dogs due to extreme heat which is sensible and the dogs are unsettled. I don't agree with nighttime barking of course but there are all sorts of worse sounds. Yes I'm a dog owner, no he barely barks he lies asleep on settee. Would I complain, only if I thought the dog was being harmed or mistreated or it was stupid times.","Criticizes the thread for escalating into a 'lynch mob' mentality and suggests the barking may be due to sensible heat-related decisions by owners rather than neglect. Implies that while nighttime barking is undesirable, it is a minor nuisance compared to other sounds and should only warrant complaint if animal mistreatment is evident.","I don't want to be that person but I live on the Lower Farm Estate and somewhere in the distance there had been a dog that's been barking insessantly for days from first thing in the morning. I can tell it's not that close to me so I can't locate it, but does anyone know who's dog it is and is it ok? It's hot out there and I don't like the thought of anyone animals being outside all day in this heat whether or not it chooses to!","Residents are debating the cause and impact of persistent dog barking on the estate, balancing welfare concerns regarding the heat against frustration over noise nuisance and inconsiderate ownership."
2234439373764657,2234425287099399,2026-08-11T09:18:30+00:00,2026-08-11,Environmental,Business Responsibility,Infrastructure investment prevents antisocial behavior,Bloxwich Community Group,3,3,0,0,0,0,0,https://www.facebook.com/groups/846204072588201/posts/2234425287099399?comment_id=2234439373764657,Provide more bins and maybe more youth clubs for kids to attend instead of getting bored and getting up to no good simple!,Suggests that providing more bins and youth clubs would address anti-social behaviour by reducing youth boredom and idle time. Implies that infrastructure investment and youth engagement are preventative solutions to the enforcement issues raised in the post.,"We support strong enforcement measures to deal with dodgy dealings..illicit good sales..sales to the under aged, as well as more frequent and stronger action against fly tippers and serious litterers...... bring it on! Should Shop keepers also take some responsibility for the clearance of litter outside their particular shop?..some do but some do not. Pete Smith. Harden Road. former Independent Councillor. We support strong enforcement measures to deal with dodgy dealings..illicit good sales..sales to the under aged, as well as more frequent and stronger action against fly tippers and serious litterers...... bring it on! Should Shop keepers also take some responsibility for the clearance of litter outside their particular shop?..some do but some do not. Pete Smith. Harden Road. former Independent Councillor.","Stakeholders are debating the necessity of rigorous enforcement against illicit trade and fly-tipping alongside the importance of shopkeeper accountability, improved local infrastructure, and youth engagement initiatives to address anti-social behaviour."
2234456937096234,2234425287099399,2026-08-11T09:47:28+00:00,2026-08-11,Environmental,Business Responsibility,Youth engagement challenges acknowledged,Bloxwich Community Group,0,0,0,0,0,0,0,https://www.facebook.com/groups/846204072588201/posts/2234425287099399?comment_id=2234456937096234,To get some idea (those who are unaware) of activities for kids/youth .. look at this website:https://popwalsall.co.uk/about-us/ Hopefully the £20m Pride in Place Funding for the Blakenall/Harden/Goscote/Ryecroft area should provide further opportunities for development of more activities for young people... the sad fact is that the challenge is ..getting a certain cohort of youngsters to engage in such activities.,Directs readers to a youth activities website and highlights the potential of £20m in local funding to expand youth programs in the specified area. Acknowledges that a significant barrier to success is the difficulty in engaging certain groups of young people in these activities.,"We support strong enforcement measures to deal with dodgy dealings..illicit good sales..sales to the under aged, as well as more frequent and stronger action against fly tippers and serious litterers...... bring it on! Should Shop keepers also take some responsibility for the clearance of litter outside their particular shop?..some do but some do not. Pete Smith. Harden Road. former Independent Councillor. We support strong enforcement measures to deal with dodgy dealings..illicit good sales..sales to the under aged, as well as more frequent and stronger action against fly tippers and serious litterers...... bring it on! Should Shop keepers also take some responsibility for the clearance of litter outside their particular shop?..some do but some do not. Pete Smith. Harden Road. former Independent Councillor.","Stakeholders are debating the necessity of rigorous enforcement against illicit trade and fly-tipping alongside the importance of shopkeeper accountability, improved local infrastructure, and youth engagement initiatives to address anti-social behaviour."
2234457717096156,2234425287099399,2026-08-11T09:48:56+00:00,2026-08-11,Environmental,Business Responsibility,Youth engagement challenges acknowledged,Bloxwich Community Group,0,0,0,0,0,0,0,https://www.facebook.com/groups/846204072588201/posts/2234425287099399?comment_id=2234457717096156,To get some idea (those who are unaware) of activities for kids/youth .. look at this website:https://popwalsall.co.uk/about-us/ Hopefully the £20m Pride in Place Funding for the Blakenall/Harden/Goscote/Ryecroft area should provide further opportunities for development of more activities for young people... the sad fact is that the challenge is ..getting a certain cohort of youngsters to engage in such activities.,Directs readers to a youth activities website and highlights the potential of £20m in local funding to expand youth programs in the specified area. Acknowledges that a significant barrier to success is the difficulty in engaging certain groups of young people in these activities.,"We support strong enforcement measures to deal with dodgy dealings..illicit good sales..sales to the under aged, as well as more frequent and stronger action against fly tippers and serious litterers...... bring it on! Should Shop keepers also take some responsibility for the clearance of litter outside their particular shop?..some do but some do not. Pete Smith. Harden Road. former Independent Councillor. We support strong enforcement measures to deal with dodgy dealings..illicit good sales..sales to the under aged, as well as more frequent and stronger action against fly tippers and serious litterers...... bring it on! Should Shop keepers also take some responsibility for the clearance of litter outside their particular shop?..some do but some do not. Pete Smith. Harden Road. former Independent Councillor.","Stakeholders are debating the necessity of rigorous enforcement against illicit trade and fly-tipping alongside the importance of shopkeeper accountability, improved local infrastructure, and youth engagement initiatives to address anti-social behaviour."
2234463650428896,2234425287099399,2026-08-11T09:57:27+00:00,2026-08-11,Environmental,Business Responsibility,Infrastructure investment prevents antisocial behavior,Bloxwich Community Group,0,0,0,0,0,0,0,https://www.facebook.com/groups/846204072588201/posts/2234425287099399?comment_id=2234463650428896,https://go.walsall.gov.uk/wellbeing-directory/bloxwich-community-partnership-pop-youth-club-0,"Provides a resource link to Bloxwich Community Partnership's POP Youth Club, apparently in response to the discussion about addressing anti-social behaviour and youth engagement in the local area.","We support strong enforcement measures to deal with dodgy dealings..illicit good sales..sales to the under aged, as well as more frequent and stronger action against fly tippers and serious litterers...... bring it on! Should Shop keepers also take some responsibility for the clearance of litter outside their particular shop?..some do but some do not. Pete Smith. Harden Road. former Independent Councillor. We support strong enforcement measures to deal with dodgy dealings..illicit good sales..sales to the under aged, as well as more frequent and stronger action against fly tippers and serious litterers...... bring it on! Should Shop keepers also take some responsibility for the clearance of litter outside their particular shop?..some do but some do not. Pete Smith. Harden Road. former Independent Councillor.","Stakeholders are debating the necessity of rigorous enforcement against illicit trade and fly-tipping alongside the importance of shopkeeper accountability, improved local infrastructure, and youth engagement initiatives to address anti-social behaviour."
2234470517094876,2234425287099399,2026-08-11T10:08:45+00:00,2026-08-11,Environmental,Business Responsibility,Shopkeeper litter responsibility inconsistent,Bloxwich Community Group,0,0,0,0,0,0,0,https://www.facebook.com/groups/846204072588201/posts/2234425287099399?comment_id=2234470517094876,https://www.facebook.com/people/POP-Walsall/100085337540485/,"Advocates for stronger enforcement against illegal trading, underage sales, fly-tipping, and littering in the local area. Questions whether shopkeepers should bear responsibility for clearing litter outside their premises, noting inconsistency in current practice.","We support strong enforcement measures to deal with dodgy dealings..illicit good sales..sales to the under aged, as well as more frequent and stronger action against fly tippers and serious litterers...... bring it on! Should Shop keepers also take some responsibility for the clearance of litter outside their particular shop?..some do but some do not. Pete Smith. Harden Road. former Independent Councillor. We support strong enforcement measures to deal with dodgy dealings..illicit good sales..sales to the under aged, as well as more frequent and stronger action against fly tippers and serious litterers...... bring it on! Should Shop keepers also take some responsibility for the clearance of litter outside their particular shop?..some do but some do not. Pete Smith. Harden Road. former Independent Councillor.","Stakeholders are debating the necessity of rigorous enforcement against illicit trade and fly-tipping alongside the importance of shopkeeper accountability, improved local infrastructure, and youth engagement initiatives to address anti-social behaviour."
2234477180427543,2234425287099399,2026-08-11T10:18:23+00:00,2026-08-11,Environmental,Business Responsibility,Enforcement must target operators not businesses,Bloxwich Community Group,0,0,0,0,0,0,0,https://www.facebook.com/groups/846204072588201/posts/2234425287099399?comment_id=2234477180427543,Unless you close the shop down for good the same family will reopen it up under a new name doing the same thing again,"Argues that merely closing a problematic shop will be ineffective because the same family will simply reopen it under a different name and continue the same illicit practices. Implies that enforcement measures need to target the operators themselves, not just individual businesses.","We support strong enforcement measures to deal with dodgy dealings..illicit good sales..sales to the under aged, as well as more frequent and stronger action against fly tippers and serious litterers...... bring it on! Should Shop keepers also take some responsibility for the clearance of litter outside their particular shop?..some do but some do not. Pete Smith. Harden Road. former Independent Councillor. We support strong enforcement measures to deal with dodgy dealings..illicit good sales..sales to the under aged, as well as more frequent and stronger action against fly tippers and serious litterers...... bring it on! Should Shop keepers also take some responsibility for the clearance of litter outside their particular shop?..some do but some do not. Pete Smith. Harden Road. former Independent Councillor.","Stakeholders are debating the necessity of rigorous enforcement against illicit trade and fly-tipping alongside the importance of shopkeeper accountability, improved local infrastructure, and youth engagement initiatives to address anti-social behaviour."
2234607797081148,2234425287099399,2026-08-11T13:20:08+00:00,2026-08-11,Environmental,Business Responsibility,Specific problem locations identified,Bloxwich Community Group,0,0,0,0,0,0,0,https://www.facebook.com/groups/846204072588201/posts/2234425287099399?comment_id=2234607797081148,Next door to Peggy's blakenhall,"Identifies a specific location (next door to Peggy's in Blakenhall) as relevant to the discussion, likely indicating a problem area or business of concern related to the enforcement issues raised in the post. The brevity and lack of elaboration makes the exact nature of the concern unclear.","We support strong enforcement measures to deal with dodgy dealings..illicit good sales..sales to the under aged, as well as more frequent and stronger action against fly tippers and serious litterers...... bring it on! Should Shop keepers also take some responsibility for the clearance of litter outside their particular shop?..some do but some do not. Pete Smith. Harden Road. former Independent Councillor. We support strong enforcement measures to deal with dodgy dealings..illicit good sales..sales to the under aged, as well as more frequent and stronger action against fly tippers and serious litterers...... bring it on! Should Shop keepers also take some responsibility for the clearance of litter outside their particular shop?..some do but some do not. Pete Smith. Harden Road. former Independent Councillor.","Stakeholders are debating the necessity of rigorous enforcement against illicit trade and fly-tipping alongside the importance of shopkeeper accountability, improved local infrastructure, and youth engagement initiatives to address anti-social behaviour."
